brier,ece,method,urgency_brier,urgency_ece
0.04476145635,0.2061154023,cbom_inventory,0.816936391,0.8214525593
0.02278806047,0.1252807397,cigma,0.09851159419,0.08282331599
0.02761192091,0.1377103056,cigma_no_alias,0.2740790639,0.2855551549
0.01714718297,0.1069748664,cigma_no_paths,0.202900182,0.2335979532
0.02049977233,0.1185649855,cigma_no_quality_gate,0.09031207009,0.08739258087
0.004822004722,0.02804722222,cigma_uniform_reliability,0.09851159419,0.08282331599
0.01752874284,0.1072799224,exact_direct,0.3076902777,0.3173477957
0.02157103907,0.1257072336,source_union,0.4767909208,0.5540253269
0.001346311546,0.03641451523,tls_inventory,0.7453052599,0.7983003201
