analysis,baseline,ci_high,ci_low,mean,mean_difference,method,metric,n,observation_dropout,permutation_p
bootstrap_mean,,1,1,1,,cigma,asset_f1,32,0,
bootstrap_mean,,1,1,1,,cigma,entity_f1,32,0,
bootstrap_mean,,1,1,1,,cigma,edge_f1,32,0,
bootstrap_mean,,0.8947838492,0.8947838492,0.8947838492,,cigma,ndcg_primary,32,0,
bootstrap_mean,,0.8846153846,0.8846153846,0.8846153846,,exact_direct,asset_f1,32,0,
bootstrap_mean,,0.8787878788,0.8787878788,0.8787878788,,exact_direct,entity_f1,32,0,
bootstrap_mean,,0.8923076923,0.8923076923,0.8923076923,,exact_direct,edge_f1,32,0,
bootstrap_mean,,0.8947838492,0.8947838492,0.8947838492,,exact_direct,ndcg_primary,32,0,
bootstrap_mean,,0.6666666667,0.6666666667,0.6666666667,,source_union,asset_f1,32,0,
bootstrap_mean,,0,0,0,,source_union,entity_f1,32,0,
bootstrap_mean,,0.8529411765,0.8529411765,0.8529411765,,source_union,edge_f1,32,0,
bootstrap_mean,,0.9434732991,0.9434732991,0.9434732991,,source_union,ndcg_primary,32,0,
bootstrap_mean,,0.9782213716,0.9577653114,0.9683618532,,cigma,asset_f1,32,0.1,
bootstrap_mean,,1,1,1,,cigma,entity_f1,32,0.1,
bootstrap_mean,,0.8656859751,0.8200461964,0.8430191977,,cigma,edge_f1,32,0.1,
bootstrap_mean,,0.8859237911,0.852868128,0.8696650638,,cigma,ndcg_primary,32,0.1,
bootstrap_mean,,0.8760440437,0.855212111,0.8660287763,,exact_direct,asset_f1,32,0.1,
bootstrap_mean,,0.889068653,0.8667922757,0.8780542277,,exact_direct,entity_f1,32,0.1,
bootstrap_mean,,0.7819182702,0.7401170399,0.7615870068,,exact_direct,edge_f1,32,0.1,
bootstrap_mean,,0.8546865031,0.8065663209,0.830334109,,exact_direct,ndcg_primary,32,0.1,
bootstrap_mean,,0.6832185076,0.6610800693,0.6724466695,,source_union,asset_f1,32,0.1,
bootstrap_mean,,0,0,0,,source_union,entity_f1,32,0.1,
bootstrap_mean,,0.7579073446,0.7185214063,0.7386203966,,source_union,edge_f1,32,0.1,
bootstrap_mean,,0.8614605306,0.8051531106,0.8336849404,,source_union,ndcg_primary,32,0.1,
bootstrap_mean,,0.928693037,0.8983141277,0.9135061964,,cigma,asset_f1,32,0.25,
bootstrap_mean,,1,1,1,,cigma,entity_f1,32,0.25,
bootstrap_mean,,0.6221808383,0.5396167253,0.5809441541,,cigma,edge_f1,32,0.25,
bootstrap_mean,,0.8649481968,0.8126462765,0.8392418075,,cigma,ndcg_primary,32,0.25,
bootstrap_mean,,0.8468439793,0.8118734029,0.8291901592,,exact_direct,asset_f1,32,0.25,
bootstrap_mean,,0.884981272,0.8342360223,0.8603342513,,exact_direct,entity_f1,32,0.25,
bootstrap_mean,,0.5767788688,0.5067959667,0.541478319,,exact_direct,edge_f1,32,0.25,
bootstrap_mean,,0.8004727849,0.7161297538,0.7586710927,,exact_direct,ndcg_primary,32,0.25,
bootstrap_mean,,0.6877291181,0.6584961193,0.6727882828,,source_union,asset_f1,32,0.25,
bootstrap_mean,,0,0,0,,source_union,entity_f1,32,0.25,
bootstrap_mean,,0.5714314575,0.5021115424,0.5362786487,,source_union,edge_f1,32,0.25,
bootstrap_mean,,0.7980937434,0.7247115727,0.7618024557,,source_union,ndcg_primary,32,0.25,
bootstrap_mean,,0.8261127182,0.7883911549,0.8075372598,,cigma,asset_f1,32,0.5,
bootstrap_mean,,1,1,1,,cigma,entity_f1,32,0.5,
bootstrap_mean,,0.2435792943,0.1799797281,0.2100678773,,cigma,edge_f1,32,0.5,
bootstrap_mean,,0.7824500362,0.7298847267,0.756371036,,cigma,ndcg_primary,32,0.5,
bootstrap_mean,,0.7809144299,0.7403938218,0.7610023809,,exact_direct,asset_f1,32,0.5,
bootstrap_mean,,0.9122759288,0.8433974895,0.8792695306,,exact_direct,entity_f1,32,0.5,
bootstrap_mean,,0.2336789257,0.1760715765,0.2039847545,,exact_direct,edge_f1,32,0.5,
bootstrap_mean,,0.6982735151,0.6166337584,0.6572004793,,exact_direct,ndcg_primary,32,0.5,
bootstrap_mean,,0.6946104724,0.6556819877,0.6750779049,,source_union,asset_f1,32,0.5,
bootstrap_mean,,0,0,0,,source_union,entity_f1,32,0.5,
bootstrap_mean,,0.233468841,0.1756464175,0.2036473726,,source_union,edge_f1,32,0.5,
bootstrap_mean,,0.7257938543,0.6421368846,0.6847042907,,source_union,ndcg_primary,32,0.5,
paired_cigma_difference,source_union,0.3018264566,0.2894423632,,0.2959151837,cigma,asset_f1,32,0.1,9.9990001e-05
paired_cigma_difference,source_union,1,1,,1,cigma,entity_f1,32,0.1,9.9990001e-05
paired_cigma_difference,source_union,0.1105165025,0.09810238107,,0.1043988011,cigma,edge_f1,32,0.1,9.9990001e-05
paired_cigma_difference,source_union,0.06533740146,0.008066205506,,0.03598012343,cigma,ndcg_primary,32,0.1,0.0201979802
paired_cigma_difference,exact_direct,0.1059077363,0.09847673453,,0.1023330769,cigma,asset_f1,32,0.1,9.9990001e-05
paired_cigma_difference,exact_direct,0.1332077243,0.110931347,,0.1219457723,cigma,entity_f1,32,0.1,9.9990001e-05
paired_cigma_difference,exact_direct,0.08693428022,0.07608937643,,0.08143219092,cigma,edge_f1,32,0.1,9.9990001e-05
paired_cigma_difference,exact_direct,0.06107226685,0.01735522734,,0.03933095487,cigma,ndcg_primary,32,0.1,0.001599840016
paired_cigma_difference,source_union,0.2496237446,0.2308983897,,0.2407179137,cigma,asset_f1,32,0.25,9.9990001e-05
paired_cigma_difference,source_union,1,1,,1,cigma,entity_f1,32,0.25,9.9990001e-05
paired_cigma_difference,source_union,0.05417922816,0.03513506977,,0.04466550537,cigma,edge_f1,32,0.25,9.9990001e-05
paired_cigma_difference,source_union,0.1048766917,0.04804701649,,0.07743935181,cigma,ndcg_primary,32,0.25,0.000199980002
paired_cigma_difference,exact_direct,0.09109710623,0.0772680369,,0.08431603724,cigma,asset_f1,32,0.25,9.9990001e-05
paired_cigma_difference,exact_direct,0.1657639777,0.115018728,,0.1396657487,cigma,entity_f1,32,0.25,9.9990001e-05
paired_cigma_difference,exact_direct,0.04876510651,0.03051202884,,0.03946583507,cigma,edge_f1,32,0.25,9.9990001e-05
paired_cigma_difference,exact_direct,0.109121388,0.04963906048,,0.08057071477,cigma,ndcg_primary,32,0.25,9.9990001e-05
paired_cigma_difference,source_union,0.1440357851,0.1210976588,,0.1324593549,cigma,asset_f1,32,0.5,9.9990001e-05
paired_cigma_difference,source_union,1,1,,1,cigma,entity_f1,32,0.5,9.9990001e-05
paired_cigma_difference,source_union,0.01164564481,0.002131799214,,0.006420504761,cigma,edge_f1,32,0.5,0.00099990001
paired_cigma_difference,source_union,0.1098408029,0.03534849055,,0.07166674529,cigma,ndcg_primary,32,0.5,0.000799920008
paired_cigma_difference,exact_direct,0.05427512775,0.03870823376,,0.04653487896,cigma,asset_f1,32,0.5,9.9990001e-05
paired_cigma_difference,exact_direct,0.1566025105,0.08772407117,,0.1207304694,cigma,entity_f1,32,0.5,9.9990001e-05
paired_cigma_difference,exact_direct,0.0113231575,0.001822327187,,0.006083122845,cigma,edge_f1,32,0.5,0.003199680032
paired_cigma_difference,exact_direct,0.1347239387,0.06462151596,,0.09917055668,cigma,ndcg_primary,32,0.5,0.000199980002
